col_x;col_y
80;0
0.108349491615324;60.0837678735296
0.216770488534801;60.1675492418582
0.333944665280917;60.2580472357749
0.442512127004458;60.341853776828
0.572884520668519;60.4424356720768
0.681603541922585;60.5262645496504
0.808890740372798;60.6243552952417
0.917755845985619;60.7082018476462
1.02668712411727;60.7920550781052
1.13568384692126;60.8759140559448
1.24474528378158;60.9597778468466
1.35387070133864;61.0436455128692
1.46524377678472;61.1291935478997
1.57668186790907;61.2147436320046
1.68599725547508;61.2986172816499
1.79537363357449;61.3824909806997
1.90481025542454;61.4663637732898
2.01978272572414;61.5544281801739
2.12934050177086;61.6382961115578
2.24114912847995;61.72383743556
2.35082318406722;61.8076966043473
2.46604164911216;61.8957424655055
2.57583054232069;61.9795886810648
2.68787171841993;62.0651037666361
2.79777062602062;62.1489331894646
2.90772283573185;62.2327528106002
3.0232291779846;62.3207517802989
3.13328824220905;62.4045482090548
3.24560096232934;62.4900073403442
3.35576212638943;62.5737768189963
3.4681773659028;62.6592063769334
3.57843744407451;62.742944812258
3.68874530525159;62.8266663569167
3.81455354760339;62.9220870217258
3.92496101701971;63.0057690145377
4.03541379080738;63.0894309270874
4.14812146965388;63.1747443312635
4.25866333573474;63.2583625611834
4.36924810369525;63.3419576152573
4.4798749741495;63.4255284625641
4.59054314584711;63.5090740692976
4.7034663966602;63.5942635102221
4.81975402994915;63.6819288025282
4.93054397154347;63.7653904320381
5.04137193475616;63.8488225842056
5.15445478687866;63.9338919249997
5.26535708081384;64.0172613335218
5.37851405907719;64.102264486384
5.50169651367625;64.194728008604
5.61270742219033;64.2779916972098
5.72597255372591;64.3628836013177
5.83704930485058;64.4460735446065
5.95371362558803;64.5333819423225
6.06485377087658;64.6164925946164
6.20826826141083;64.7236456401488
6.3194751266751;64.8066623911755
6.43070976754491;64.8896363666283
6.5675652453485;64.9916340972709
6.67885884057279;65.0745087909539
6.79240415541423;65.1589933019926
6.90597469650935;65.2434285182047
7.01956957952964;65.3278132833761
7.14321416313542;65.4195850831092
7.25685702134202;65.5038607559995
7.37720828203723;65.5930348984662
7.48866531263219;65.6755483296225
7.60906024604649;65.7646018961695
7.72278599172968;65.8486487148135
7.83429925755843;65.9309904549745
7.95140584089713;66.0173872157876
8.0629518566186;66.0996095786984
8.19013218680256;66.193269911455
8.30170861303882;66.2753626754079
8.43896520105666;66.3762512032747
8.57623971274983;66.4770433845138
8.68785712963157;66.5589158013365
8.79948450845359;66.6407220373373
8.93010005276973;66.7363498141229
9.04174613802015;66.8180085739778
9.15339950141324;66.8995975883064
9.27399233153061;66.9876340849378
9.39124153774914;67.0731445176153
9.50291220347997;67.1545079312199
9.61458664598549;67.235796931123
9.84576108538453;67.403823824404
9.95744182213455;67.484877282519
10.0691228822735;67.5658517020975
10.1897378118486;67.6532139847727
10.3014168263157;67.734020351705
10.4130935504958;67.8147441653945
10.524767135951;67.8953842821316
10.6364367343866;67.9759395569994
10.7503347378137;68.0580173446899
10.8809750907974;68.152053659057
10.9926263037901;68.2323306234399
11.1042699778309;68.31251793634
11.2248357014115;68.3990182108019
11.3386933869195;68.4806143578465
11.4503083097032;68.5605164341578
11.5619122237124;68.6403241349335
11.6891261782163;68.7311883203628
11.8062822189438;68.8147677069034
11.917845369657;68.8942666290356
12.0617402285154;68.9966735215648
12.1732688243115;69.0759435210687
12.3003912799495;69.1661869905425
12.4442129847485;69.2681427676509
12.555681569692;69.3470585100181
12.6793889965041;69.4345309745815
12.7997289991379;69.5195126245948
12.9334110796096;69.6137883266842
13.0447884622424;69.6922307225842
13.1683903543129;69.7791717936165
13.2919627334573;69.8659745596818
13.4032629875869;69.9440555054886
13.5601524724513;70.0539544706655
13.6713893579446;70.1317569850291
13.7825985358289;70.2094419794873
13.8937791788466;70.2870082874582
14.0204892505754;70.3752876149763
14.1316060555605;70.4525960130521
14.2426917366039;70.5297820597849
14.3792832261501;70.6245513743956
14.490296543584;70.7014603722326
14.6034953289686;70.7797776097009
14.7166581101511;70.8579623887984
14.8630492064414;70.9589440454155
14.9739092992408;71.0352945886644
15.0902722130217;71.115321415957
15.2010549215241;71.1914017071988
15.3272996132854;71.2779701928832
15.4379979171365;71.3537631295604
15.5486555155678;71.4294199543203
15.697977283085;71.5313386912047
15.8085360677604;71.6066710553355
15.9190514655648;71.6818633950201
16.0416717822756;71.7651614990378
16.1520930233901;71.8400545565495
16.2624684075223;71.9148039591878
16.3849304239307;71.997606152543
16.4952064598151;72.072048615242
16.6208621705205;72.1567333007392
16.7310338724285;72.2308591560022
16.8411555923619;72.304835233799
16.9512265512991;72.378660368988
17.0612459724353;72.4523333968215
17.1712130812132;72.5258531529675
17.2811271053534;72.5992184735303
17.3931839236825;72.6738907944042
17.502988370714;72.7469406068642
17.6127374149584;72.8198324716347
17.7224302935968;72.8925652267805
17.863849916214;72.9861535868447
17.9734113151646;73.0585176068124
18.0949557442339;73.1386508217711
18.2197088488252;73.2207391780749
18.3290768629473;73.2925694419778
18.4438475127767;73.3678117932859
18.5651022928885;73.447152389479
18.6742747172398;73.5184519493986
18.7833837069063;73.5895811596263
18.910959711384;73.6725845356067
19.0199285221414;73.7433401146181
19.1310089618435;73.8153315329572
19.255075781074;73.8955767851933
19.3638343252903;73.9657785614651
19.4725248264599;74.035802688075
19.581146566882;74.1056480146538
19.6896988317406;74.1753133916541
19.8068564219658;74.250348554828
19.9152619006554;74.3196359581306
20.0290105178622;74.392190235439
20.1426793177668;74.4645408940029
20.259511674156;74.5387448897566
20.3794995639884;74.6147826511467
20.4875180304423;74.6830864262418
20.6105671406279;74.7607214672949
20.718423537328;74.8286182405863
20.8283579298579;74.8976751654202
20.9608185657277;74.9806823242584
21.0684228557866;75.0479510042374
21.1845467294242;75.1203813600104
21.3102426229666;75.1985883590853
21.4175877003271;75.2652169363457
21.5248516074436;75.3316461481107
21.6320336853306;75.3978748616505
21.7476976628246;75.4691753676614
21.8664734082597;75.5422098743011
21.973390085094;75.6077914402897
22.0823579831814;75.6744731986568
22.1912372300337;75.7409402361153
22.30642375909;75.8110817327017
22.4151183602636;75.8771029355659
22.5215936383146;75.9416176201941
22.6279811000339;76.0059212884026
22.774650431144;76.0943117438656
22.8808263862198;76.1581086826228
22.9890332291016;76.2229602614122
23.1098587905643;76.2951755117658
23.2157485395418;76.3582898551641
23.3215464539788;76.4211858647665
23.4272519327672;76.4838624258135
23.5349756742538;76.5475652872383
23.6404926141245;76.6097951664359
23.7459153247054;76.6718022371484
23.8596653373348;76.7385183346422
23.9764590562661;76.8068140254023
24.0899825612162;76.8729962221952
24.2002444969374;76.9370855881041
24.3229813923922;77.0082023790056
24.4277784568647;77.0687364840614
24.565959613505;77.1482874647133
24.6705272206328;77.2082837338442
24.7749950006808;77.268046349112
24.8793624029359;77.3275742108473
24.9836288804073;77.3868662204564
25.0992458230462;77.4524028241463
25.2032975713019;77.5111935860392
25.3072467175167;77.5697450860079
25.4162823139748;77.6309654580631
25.5376444349323;77.6988687461691
25.6412596097036;77.7566423936799
25.7530462494003;77.8187639828499
25.8564428199312;77.8760291516889
25.9597335023497;77.9330481824397
26.0629177888868;77.9898199874051
26.1680556294937;78.0474714095027
26.2710234631159;78.1037405048079
26.3738833905203;78.1597590955807
26.4766349192704;78.2155260981347
26.5792775607561;78.27104042976
26.6818108301978;78.3263010087137
26.813916421201;78.3972105996019
26.9161974231363;78.4518860150999
27.0204097516149;78.5073898559956
27.1398046501808;78.5707249029727
27.2417301233959;78.6245757526216
27.3435431762792;78.6781658626632
27.4564234616773;78.737344240888
27.5579978161206;78.7903806648448
27.6594583446658;78.8431530093284
27.765868908724;78.8982785823858
27.8933945716756;78.9640416488539
27.9964956240039;79.0169673220317
28.1267156559503;79.0835022156608
28.2275283337326;79.1347705128843
28.3282243179998;79.1857676482284
28.4288031902869;79.2364925548407
28.5292645359889;79.2869441666147
28.6316136067655;79.3381221574183
28.7318362999087;79.388018464751
28.8429444037614;79.4430795130675
28.9429160560765;79.4923911389678
29.0427681155267;79.5414240120565
29.1594426836924;79.598437186468
29.2590338870475;79.6468615145427
29.3585042713757;79.6950037258207
29.4925969706786;79.7595463259076
29.5917819460828;79.8070213916024
29.6928248590043;79.8551516589489
29.7917628702381;79.9020485907246
29.8905780733289;79.9486577204541
29.9912426920482;79.9959014429002
30.1183697301264;80.0552187236936
30.2167759039744;80.1008676914048
30.3288072711419;80.1525508404826
30.4289084925979;80.1984703218435
30.5269206382187;80.2431918489539
30.6248073917446;80.2876176887689
30.7479656579659;80.3431716167962
30.8455678161106;80.3869253214513
30.9430435207585;80.4303799042681
31.0598470008544;80.4821290803629
31.1570433952681;80.5249218893138
31.2589624288468;80.5695287647615
31.3781741020836;80.6213567438458
31.4749513025046;80.6631534511678
31.576429118882;80.7067107065849
31.6729426916508;80.7478791042546
31.7770324013472;80.7919948888225
31.8732772452476;80.8325212659748
31.9693924565459;80.8727373604718
32.0788053166431;80.9182038833506
32.1880489386158;80.9632642394587
32.2837370222611;81.0024552285402
32.3792943085936;81.0413314360233
32.4747205351152;81.0798918107058
32.5700154429552;81.1181353013191
32.6651787768614;81.1560608565047
32.7602102851894;81.1936674247904
32.8826058165906;81.2417070348298
32.9773345157515;81.2785791613855
33.0719305867592;81.3151288406005
33.1739451031175;81.3542391079133
33.2682645548007;81.3901147258797
33.3643330224202;81.4263723241601
33.4687202066944;81.4654428019143
33.5626215431061;81.5002955026166
33.6563888412627;81.5348192171949
33.7743444618982;81.577849056159
33.8678080491641;81.6116253783403
33.965799814997;81.6467327263488
34.0589869987158;81.6798264433179
34.1520390453879;81.7125855720186
34.2449557589606;81.7450090559731
34.3757380160411;81.7901538496979
34.4683277918666;81.8217640854805
34.5709432005046;81.8564541213596
34.6632458550154;81.887347296511
34.7710668534342;81.9230587350174
34.8630733987637;81.9532095381701
34.9705474760036;81.9880494793074
35.0805825930782;82.0232921032753
35.1739572092138;82.0528563179834
35.2653622992246;82.0814899843344
35.2653622992246;82.0814899843344
35.2653622992246;82.0814899843344
35.2653622992246;82.0814899843344
35.2653622992246;82.0814899843344
35.356629954026;82.1097751950989
35.4477600212337;82.137710884992
35.5387523517068;82.1652959878806
35.6296067995343;82.1925294367592
35.7203232220204;82.2194101637252
35.8127116346008;82.2464640226678
35.9031488237163;82.2726289902611
36.0006654917124;82.3004873171256
36.0908145862334;82.3259106993332
36.1808249771556;82.3509758984711
36.2724925554992;82.3761722876777
36.3622223920101;82.4005106802879
36.4518131617582;82.4244876433565
36.5484148618677;82.4499755636034
36.6377160110055;82.4731973014097
36.7268777519586;82.496054288205
36.815899980092;82.518545443197
36.9047825937921;82.5406696843809
36.9952989267301;82.5628572923833
37.0838992216051;82.584237062271
37.1723596133604;82.6052466431047
37.2624449918291;82.6262939193792
37.3603134802865;82.6487580530638
37.4483354095091;82.6686019095743
37.5379732868055;82.6884566326685
37.6257118224726;82.7075424947297
37.7133099501415;82.7262514605451
37.8025153176406;82.7449451909387
37.8968086744795;82.764308615889
37.983971093982;82.7818422342544
38.0709928293087;82.7989944550326
38.1578738202795;82.8157641765106
38.2446140094977;82.8321502954349
38.3329438918947;82.8484678036117
38.4193994977958;82.8640756738367
38.5057141453401;82.8792966001341
38.5918877881589;82.8941294728633
38.6873753551845;82.9101381823309
38.7732513380255;82.9241486138728
38.8589861891378;82.9377675303337
38.9445798731594;82.9509938152391
39.0317399665997;82.9640789771754
39.1170483959968;82.9765087338757
39.2039174698718;82.9887791046474
39.2889405326259;83.0004077562298
39.3738222898651;83.0116381229177
39.4602560889077;83.0226816150302
39.5448523516012;83.0331040067132
39.6293072570626;83.0431247043819
39.7254134064426;83.0540568673901
39.809565770064;83.0632141325351
39.8935767469078;83.0719661414068
39.9816361003978;83.0807183480924
40.0653572235581;83.0886360208625
40.1489369544163;83.0961449595858
40.2415448820337;83.1039998445898
40.3248262881421;83.1106425983451
40.4171030922676;83.1175331835617
40.5000862096724;83.123304640747
40.5829279769702;83.1286613705951
40.6672809766838;83.1336967859863
40.7712787560038;83.1393178058884
40.8536570150838;83.1433061183669
40.9358940059139;83.1468747499624
41.0220908338392;83.150168859499
41.1253215210906;83.1535074390777
41.2111758792783;83.1557760438933
41.2927972630736;83.1575012566311
41.3905566645908;83.1590091740348
41.4718676601997;83.1597957801899
41.564390176752;83.1601697367103
41.6543018457642;83.1599970772659
41.7367702887829;83.1593700742791
41.817479414463;83.1583186726265
41.8980477086548;83.1568337098785
41.9784752218584;83.1549139999944
42.0699909294347;83.1521937093134
42.1501173504443;83.149339646547
42.2364959546148;83.1457647176432
42.3163299746235;83.1419972665483
42.4000045002265;83.1375668272316
42.5002095866155;83.1316066028153
42.5883009005132;83.1257723331156
42.6675144662808;83.1200467255495
42.7465878402986;83.1138748371036
42.8389258173936;83.1060855776417
42.9216300192268;83.0985720779707
43.0002524704646;83.0909549573213
43.0850076095379;83.0822214342369
43.1813357059075;83.0716317108259
43.259495467889;83.0625158574607
43.3390746009512;83.0527485126727
43.416952441376;83.0427114687613
43.5148800040363;83.0294127136165
43.5939926848631;83.0181129528525
43.6714135137344;83.0065694851391
43.7486952052074;82.9945641172996
43.8412497065001;82.9795462367009
43.9182256299894;82.966520359045
43.99506272372;82.9530286417583
44.0801894421564;82.9375058154983
44.1567339339111;82.9230271247003
44.2331399110337;82.9080787504393
44.3246443917004;82.8895189745927
44.4007460071661;82.8735329335818
44.4767094483752;82.857073239531
44.5744983750391;82.8351386108554
44.6501458127322;82.8175895656082
44.7256554426701;82.799562772027
44.8138269235124;82.7778632726326
44.8890379069372;82.7587954733426
44.9641114511356;82.7392459676702
45.0450366447527;82.7175900065152
45.1198246992147;82.6970345437704
45.198204640115;82.6749286992525
45.3009886972055;82.6450587231046
45.375307129765;82.6228325561462
45.4494889253403;82.6001165235876
45.5361083447303;82.5729152203769
45.6099940816808;82.5491318576137
45.6940576619064;82.521416354003
45.7676520389743;82.496574617209
45.8425782595465;82.4707244984208
45.928349068765;82.4404350196975
46.0015102735352;82.4140049128059
46.0745359753306;82.387074246028
46.147426313659;82.3596417597785
46.2201814292639;82.3317061944185
46.2964289225472;82.3018310336432
46.368907276714;82.2728602183444
46.442696342466;82.2427877485564
46.5250007164049;82.2085515774444
46.5970536454294;82.1779745968181
46.6704092556897;82.146259740988
46.7565312717615;82.1082658208202
46.8381684685747;82.071486471877
46.9096368541497;82.0386727684529
46.9809715768609;82.0053426889854
47.0557293496697;81.9697889834934
47.1303401087193;81.9336631399822
47.2012614605601;81.898724329015
47.2861915045806;81.8561092510785
47.3568204120976;81.8200214665132
47.4273166451429;81.7834094242925
47.5011950747293;81.7444011844634
47.5714198284121;81.7067105210244
47.6429129050059;81.6677220365666
47.7205581391567;81.6246676155927
47.790369711737;81.5853200175092
47.8614418745757;81.5446374678365
47.9511313568608;81.4923914239821
48.0205077533832;81.4512784367458
48.0932118644963;81.4075329086076
48.1761255292365;81.3568126015748
48.2505868665543;81.3105010752788
48.3193967799334;81.2670583974288
48.3880763229782;81.223074439097
48.4566256690428;81.1785479892739
48.5592059500649;81.110738502635
48.6274305675516;81.0648505494537
48.6955256012948;81.0184158950359
48.7634912283154;80.9714333454514
48.8489439442479;80.9114533995643
48.9166177682716;80.8632282310576
48.9855123552777;80.813470130826
49.0583136910064;80.7601580054863
49.1370127464514;80.7016736668668
49.2041377535148;80.6510843195281
49.2711347112672;80.5999382338685
49.3433478121222;80.5440738039442
49.4134122276935;80.4891359303459
49.4800095794713;80.4362398306508
49.5497998089407;80.3800946335948
49.6293885095183;80.3151690479079
49.6955728584077;80.2604440869532
49.7616305271584;80.2051540236621
49.8288790386385;80.1481748435932
49.897968193885;80.0889032482427
49.9636381333639;80.0318714412609
50.0344202514575;79.9696373288879
50.1030956288324;79.9084937457578
50.1696763568118;79.8484934410104
50.2439358425865;79.7807288453079
50.312188910899;79.7176540314166
50.3783600482901;79.6557741181652
50.443107776684;79.594525520874
50.5128954983138;79.527728603006
50.5941313062714;79.448946138222
50.6584639890574;79.3857654835927
50.722672831044;79.3220042058271
50.7899590464151;79.2544288976988
50.8666909508517;79.1764133747052
50.9304986693628;79.110758366662
50.9954558262636;79.0431878844286
51.0640947414022;78.9709785080587
51.1275217980586;78.9035078792185
51.1908264686016;78.835449687943
51.2647378380826;78.7550745219621
51.3277776184313;78.6857382553846
51.3906956473762;78.6158116292678
51.4641554536578;78.5332468976661
51.5280618285415;78.4606060070793
51.5905928161738;78.3887904801047
51.6617306720553;78.3061963491817
51.7240031673477;78.2331089991265
51.7929845668694;78.1512845933703
51.8550031040188;78.076939743691
51.9181383454196;78.0004928113271
51.992255496933;77.9097587884672
52.0538882269511;77.8334885224147
52.1203174892152;77.7504433050065
52.1829286093713;77.6713689180744
52.2472519631081;77.5893158094555
52.3083905911084;77.5105534125194
52.3694106882244;77.4311888347518
52.4315292907604;77.3496159644408
52.5062735974265;77.2504136718549
52.5681214208445;77.1674551941303
52.6286377160217;77.085512645096
52.6974830504236;76.9913598897992
52.7679817237275;76.8939108026449
52.828110085242;76.8099631218849
52.8881216945812;76.7254086220176
52.9480167601765;76.6402468569201
53.0179463203472;76.5398361297602
53.077589203902;76.4533551652039
53.1436571104131;76.3566486488425
53.2030557287302;76.2688832493291
53.2635233946668;76.1787348741864
53.3663975589898;76.0234884619666
53.4253632115723;75.9334306911896
53.4842142133597;75.8427626142699
53.5511647727865;75.7386562752425
53.6162108646398;75.6365269090276
53.6746907040766;75.5438739445779
53.734222950019;75.4487383951879
53.8128340279666;75.3218459367919
53.8709313508123;75.2271332591772
53.9318118785121;75.1270269836396
53.9896776856585;75.0310610166794
54.0474308804998;74.9344836813244
54.1050716744317;74.8372950097623
54.1626002789378;74.739495062255
54.2228848012939;74.6361473290968
54.2801840789697;74.5370945747834
54.3373718127304;74.4374309056256
54.4109795764018;74.307962712176
54.4679126724908;74.2069007664404
54.5247349216485;74.1052286043838
54.5876780682336;73.9916582490253
54.6504851914168;73.8773368142894
54.7069519537633;73.773701800978
54.7633087639144;73.6694579578627
54.8257363211574;73.5530348232941
54.881861828128;73.4475077413944
54.9406759882134;73.3360505572552
55.0211399170007;73.1821070717189
55.076884915018;73.0744623371961
55.1325213609759;72.9662121098221
55.1880494670255;72.8573570251359
55.2462376096718;72.7424089429919
55.3015442820935;72.6323160368593
55.3578461441561;72.5194003767309
55.4173380067797;72.3991600793402
55.4723115213672;72.2872013888911
55.5299185184167;72.1689988576916
55.5846728381444;72.0558108038976
55.6420501482066;71.9363194622818
55.6965861636714;71.8219059760517
55.751016012302;71.7068962435768
55.8064253044422;71.5889731556233
55.8606413419149;71.47276225774
55.9147518518771;71.3559584131412
55.9698360770002;71.2362088539198
56.0296564381853;71.1051950978797
56.0834380141095;70.9865430922745
56.1371149357731;70.8673032430992
56.2045991771362;70.7162261396938
56.2580403581547;70.5956627665778
56.3113775731783;70.4745160734886
56.3927827714903;70.2880360230329
56.4458578941572;70.1654202229811
56.4988297949027;70.0422265074011
56.5543394284582;69.9122529067927
56.6071003823298;69.7878796026735
56.6597587560513;69.6629334858331
56.7123147597941;69.5374163181351
56.764768603602;69.4113299057327
56.8275786606058;69.2592774167608
56.8798084912621;69.1319452434975
56.9319368332281;69.004049905675
56.9850034056203;68.8730185579263
57.0535217398518;68.7025854439551
57.1053126269737;68.5728238518629
57.1595848122691;68.4359777870599
57.2111697337878;68.3050824953136
57.2744818546937;68.1433277369837
57.3330264229813;67.9926699184999
57.3842746620235;67.8599316014439
57.4354234502563;67.726651555238
57.5043169287855;67.5458685163574
57.5552328257229;67.4113251214482
57.6060499676799;67.2762483800643
57.6638613128651;67.1216136472108
57.7144678154734;66.985404358311
57.7674990618136;66.8418196164349
57.824953658231;66.6852759635038
57.875247928905;66.547401594423
57.9264476976864;66.4062381220653
57.9865532183656;66.2394802553085
58.0390309690204;66.0929650625227
58.0889105836595;65.9529077071563
58.1590768153618;65.754572422896
58.2087240515282;65.6133074101491
58.2582752146341;65.4715466779275
58.3205732080006;65.2922273486503
58.3699079996933;65.1493582546742
58.4191473848074;65.0060041397281
58.4766366250938;64.8376686566148
58.5256696791581;64.6932737472798
58.5814517831493;64.5280854053109
58.6302822970137;64.382680167527
58.6872942704884;64.2119640873665
58.7383491919123;64.0582184223041
58.7868766998209;63.9113240786444
58.7868766998209;63.9113240786444
58.7868766998209;63.9113240786444
59.7704949969728;60.7749275348513
59.7704949969728;60.7749275348513
59.8170350590076;60.6190855470516
59.8634857703052;60.4628810545473
59.9098473270457;60.3063187808723
59.9561199251244;60.1494034882408
60.0023037601493;59.9921399770377
60.0493200307351;59.8313774784002
60.0976231001243;59.6655189600386
60.1435356515737;59.5072168025406
60.189360233104;59.3485863467447
60.2360108809803;59.1864502395107
60.281658355107;59.0271718643072
60.3272184446885;58.8675803528291
60.3735999128991;58.7044796957795
60.418984074793;58.5442712051816
60.4651864979378;58.3805519226262
60.5103955181435;58.2197474856215
60.5564196966717;58.0554311639233
60.6014543586933;57.8940520712554
60.6464029939536;57.7323964508866
60.691265793546;57.5704696101946
60.7360429482556;57.4082768847529
60.7843062986501;57.2328162845575
60.828905921778;57.0700877285889
60.8734204856934;56.9071098908975
60.9227322731091;56.7259191783324
60.9670679835184;56.5624332448082
61.0122033875648;56.3954383412333
61.0563686610927;56.2314888964371
61.1004498442931;56.067318343205
61.1444471250624;55.9029322417473
61.1883606909785;55.7383361726802
61.2330664793685;55.5702376814963
61.2789965795146;55.396979310812
61.3226543093323;55.2317737081772
61.3662290844295;55.0663810444848
61.4105900879139;54.8974936989335
61.453997861316;54.731740486758
61.4973232405688;54.5658173871385
61.5405664106382;54.3997301152524
61.5871769098678;54.2201780687841
61.6302496758942;54.0537676799943
61.6740997913837;53.8838782057308
61.7170078306617;53.7171778365598
61.7606903066446;53.54700458235
61.8034343670781;53.3800377801812
61.853342230223;53.18453068884
61.8959109653242;53.0173039773712
61.9392481385147;52.8466188472056
61.9825017453563;52.6758248243046
62.0248263031609;52.5082799370744
62.0670709053396;52.3406421202389
62.1100782165199;52.1695618388187
62.1521618587088;52.001754033954
62.1950053653711;51.8305124620019
62.2440478959217;51.6339997071407
62.2858788424745;51.4659717567951
62.3284651883876;51.2945247290104
62.370137062323;51.1263879366507
62.4138080693748;50.9497958432024
62.4553192512617;50.7815727792388
62.5037881829372;50.5847099915204
62.5451300786929;50.4164220930609
62.5863942426534;50.2481134643583
62.6275808511566;50.079789863828
62.6686900801987;49.911457039516
62.7105419596644;49.7397540057615
62.7514954176203;49.5714200351952
62.7931887750341;49.3997277313172
62.8339871758192;49.2314159183422
62.879183825585;49.0446129518458
62.9198210199815;48.8763490399267
62.9636236846968;48.6946595588122
63.0134021752257;48.4877892077567
63.0537880373371;48.3196510408721
63.0940983403433;48.1515629364015
63.1351371868522;47.9801704178701
63.175295384915;47.8122003995944
63.2153785424299;47.6442971926566
63.2553868304092;47.4764662987267
63.2953204195193;47.3087131960939
63.3351794800801;47.1410433388871
63.3829122143659;46.9399570367139
63.4226079099358;46.7724893940013
63.4622296196501;46.6051222786672
63.5017775123718;46.4378610350742
63.5444065195814;46.2573439369816
63.5838014123477;46.0903199026032
63.6321566220443;45.8850484170638
63.6713882874757;45.7183039469984
63.7242353875568;45.4934120493636
63.7632959408506;45.3269900948594
63.803062980764;45.1573899674331
63.8419771841598;44.9912678154984
63.8808191871905;44.8253017142278
63.9195891550053;44.6594966728881
63.958287252405;44.4938576656063
63.9969136438426;44.328389630776
64.0354684934227;44.1630974704769
64.0739519649017;43.9979860499072
64.1142829680681;43.824818861401
64.1526206249144;43.6600930085034
64.1908874009667;43.4955625007001
64.2321360929974;43.3180943946525
64.2702559566251;43.1539852470283
64.3083054383712;42.9900858249455
64.3470435695888;42.823129230422
64.3849513714933;42.6596674024628
64.4235453237877;42.4931665694567
64.4733827683959;42.278047714472
64.5110577435349;42.1153495796501
64.5486633565716;41.9528896335282
64.5869497899892;41.7874303492121
64.6244157763947;41.6254646724356
64.6636809298544;41.4556710316258
64.7010058765993;41.2942246108108
64.7401232866316;41.1249853712176
64.7773078562443;40.9640756010112
64.8144241887264;40.8034338069423
64.8522127123629;40.6398593951789
64.896579340462;40.4477868704262
64.9334770115738;40.2880349128278
64.9754579330327;40.106264989966
65.0122111750352;39.9471266047431
65.0488971699484;39.7882808549364
65.0855160721676;39.6297314459402
65.1260846717353;39.4540930712022
65.1625625133984;39.2961808862175
65.1989737403331;39.1385762629727
65.2353185055184;38.9812827115499
65.2715969615893;38.8243036941385
65.3078092608368;38.6676426249176
65.3439555552087;38.5113028699496
65.3840008309863;38.3381460432149
65.4200083520757;38.1824950887378
65.4559503386542;38.0271756085155
65.5011441665845;37.8319499122981
65.536938599193;37.6773911572258
65.5726679867864;37.5231740237911
65.6143889992927;37.3431776832602
65.6499777526838;37.1897121543879
65.6855019335622;37.0365976201126
65.720961690272;36.8838369361008
65.756357170817;36.7314329095765
65.7923944968038;36.5763510919049
65.8325927454406;36.4034704025293
65.8677860822647;36.2522113181977
65.9029157549765;36.1013200506617
65.9386825860474;35.9477925354314
65.9736841030053;35.7976520111164
66.0093205184957;35.6448954262675
66.0511617084462;35.4656852930908
66.0859601644806;35.3167621024792
66.1206958635084;35.1682219100034
66.1553689496799;35.0200669764196
66.1899795668098;34.8722995153352
66.2262536394784;34.7175630685294
66.260736643258;34.5705966482776
66.2999716084644;34.4035355664216
66.334322036495;34.2574146330278
66.3723787310975;34.0956868046302
66.4065990789763;33.9504083489231
66.4407579975243;33.805532113797
66.4755369562161;33.6581746187802
66.5095722173808;33.5141164028944
66.5435464741522;33.3704657951445
66.5774598665718;33.2272244891869
66.6150326265546;33.0687079530135
66.6488180531891;32.9263356310983
66.6825430488894;32.7843775950232
66.7229334701418;32.6145769355354
66.756526005495;32.4735355911272
66.7987672056906;32.296420202157
66.8322243634107;32.1563276897421
66.8656218434186;32.0166571971499
66.9006251190731;31.8704587778811
66.933900687381;31.7316573793765
66.9671169944858;31.5932817721343
67.000274176288;31.4553331090545
67.0350257319144;31.3109477278145
67.068062130335;31.1738777328735
67.1046637827271;31.0222338790001
67.1375764547123;30.8860727850497
67.1704306974883;30.7503439438244
67.2137090580122;30.5718452707556
67.2464282601781;30.4371226840757
67.2790894764653;30.302835213623
67.3182065816655;30.1422656983388
67.3507406961635;30.0089381770417
67.3838661935681;29.8733948032108
67.4169319434319;29.7383072864597
67.4492914780886;29.6063117206358
67.4815938505598;29.4747555349314
67.5183489957869;29.3253181425964
67.5505294804027;29.1947040408947
67.5826532126339;29.0645309356345
67.6163221938044;28.9283242818106
67.6483299892614;28.7990565670352
67.6802814274059;28.6702310940019
67.7147258286963;28.531596700912
67.7465604561436;28.4036921434415
67.7789741256646;28.2736860663515
67.8160829917914;28.1251295632716
67.8477395490517;27.9986395641968
67.8847072067538;27.8512097120478
67.9162433722613;27.7256830283016
67.9477242585072;27.6006004542348
67.9791499917537;27.4759620650604
68.0149082128198;27.3344161750315
68.0462163414308;27.210728457392
68.0774697114986;27.0874849700532
68.1092918663333;26.9622342122777
68.140435005056;26.8398879040107
68.1715237617557;26.7179856052111
68.2031783978865;26.5941025456339
68.2341576809911;26.4730967262619
68.2650829558035;26.3525344467922
68.2965712244722;26.2300176401604
68.3273877778202;26.1103506485687
68.3587654058919;25.9887465207704
68.3894737377355;25.8699737559151
68.4225787712775;25.7421958734704
68.4531761869442;25.6243425718948
68.4837204644801;25.5069307783492
68.5142117248758;25.3899601090569
68.5452583173847;25.2711040504882
68.5756428509785;25.1550231874789
68.606580832365;25.0370738131411
68.6368591291634;24.9218809104589
68.6731239121135;24.7842286581687
68.7032870600469;24.6700005302074
68.7385117497569;24.536909191239
68.7691623554528;24.4213689807118
68.7991595583261;24.308535050742
68.8291049882441;24.1961369315385
68.8658670366486;24.0584840105528
68.8956974359796;23.9470554640946
68.9260714978388;23.8338451585274
68.955798201152;23.7232920148467
68.9976259584125;23.568146434024
69.0272295661402;23.4586339286674
69.0567822942971;23.3495519627534
69.0862842582562;23.2408997719009
69.1180894936886;23.1240372282199
69.1474862364237;23.0162764493021
69.1768325685008;22.9089429885449
69.2084701175766;22.7935018573129
69.2377119609616;22.6870545423479
69.2669037445101;22.5810319408609
69.2960455815439;22.475433176903
69.3257189176447;22.3681581517407
69.3547602072114;22.2634128095339
69.3886755517345;22.1413952658807
69.4176093386593;22.0375625408899
69.4464937626584;21.9341488838163
69.4753289353043;21.8311533347848
69.5041149678895;21.7285749214026
69.5334262121619;21.6243736517096
69.5687044474176;21.499293524109
69.5973315400409;21.3980639400051
69.6264810352497;21.2952350956266
69.6564350991647;21.1898294025783
69.6849131229953;21.0898640324939
69.7139109144867;20.9883213822725
69.751363009804;20.8575440845976
69.7796800238745;20.7589428053442
69.8079490669941;20.6607475900633
69.840117399145;20.5492989587855
69.8682841471672;20.451969018498
69.9011787829494;20.3386039685828
69.9323263961037;20.2315603013915
69.9603373098743;20.1355466138924
69.9883009417589;20.0399317856365
70.0217950376205;19.9257188618926
70.0496550232489;19.8309774544679
70.0774680662928;19.7366311898916
70.105789119324;19.6408038557697
70.1335076597719;19.5472521831918
70.161179575338;19.4540920786869
70.1901850211727;19.3566940841806
70.2177616826494;19.2643329449677
70.2452920376438;19.1723597032666
70.2741491866728;19.0762039439482
70.3015849377766;18.9850220855046
70.3303429809692;18.8896945774299
70.3576845623815;18.7992989456715
70.3887981291331;18.6967133798256
70.4160418673454;18.6071329427062
70.4462290675502;18.508142403227
70.473376792561;18.4193601379869
70.5004791719437;18.3309542008735
70.5280769890263;18.2411665302413
70.5550880793249;18.153516924838
70.5820541294993;18.0662398268212
70.6089752401935;17.9793339636213
70.6358515117957;17.8927980592592
70.6626830444388;17.8066308345116
70.6900052212387;17.7191187491558
70.7236921833269;17.611541283361
70.7503776718973;17.5265743116887
70.7775512193987;17.4402821311786
70.8041472969634;17.3560474335302
70.8320257025306;17.267989026197
70.8598555862381;17.1803266291175
70.8863152301841;17.0972054275616
70.9127310640588;17.0144407516663
70.9420014542489;16.9229878879999
70.9759509032738;16.8172523493492
71.0022185108294;16.735690099721
71.0297528096884;16.6504272394697
71.0559315861512;16.569582676372
71.082589449149;16.4874798184133
71.108681089815;16.4073370522518
71.1347297385405;16.3275397295208
71.1620346540406;16.2441228879134
71.1900704864568;16.1587169263566
71.2159851860963;16.0799923557331
71.2431497748226;15.9976974795442
71.2689772473434;15.9196685360311
71.2947623137964;15.8419769193968
71.3205050681164;15.764621316058
71.3462056039991;15.6876004126651
71.3746838723745;15.6024975663037
71.4054129515656;15.5109544896103
71.4309744097396;15.4350320798592
71.460828237435;15.3466204717818
71.4862990693046;15.2714104252735
71.5117282841141;15.1965265808278
71.5399060884773;15.1137859240366
71.5652477926021;15.0395860742107
71.5652477926021;15.0395860742107
71.5652477926021;15.0395860742107
71.5652477926021;15.0395860742107
71.5652477926021;15.0395860742107
71.5905481647714;14.9657083608102
71.6223679263366;14.8730790810357
71.6503455197321;14.7918970279145
71.6760100905853;14.7176425117014
71.7011300912687;14.6451635577998
71.7274621361348;14.5693997808813
71.7524985051103;14.4975654274714
71.7774942150502;14.4260435376546
71.8051919479326;14.3470185807313
71.830102160598;14.2761517487579
71.8549719917417;14.2055933652369
71.8802977105184;14.1339402430192
71.9050862415027;14.0640010021779
71.929834658343;13.9943663297918
71.9545430491204;13.925034945528
71.9792115016909;13.8560055713665
72.0038401036861;13.787276931662
72.0296573422365;13.7154341323346
72.0542045235654;13.6473180206223
72.0792018689793;13.5781454021472
72.1036691785995;13.5106276420403
72.1285852351131;13.4420627117121
72.1529730259866;13.3751381509161
72.1799975306255;13.3011935039466
72.2043026347669;13.234883094924
72.2285686841056;13.1688618059072
72.2527957640147;13.1031283886778
72.2769839596494;13.0376815979908
72.301133355947;12.9725201916209
72.3293390094269;12.8966419652723
72.3534045022634;12.8320955850058
72.3774314635818;12.7678306716575
72.4014199774177;12.7038459960596
72.4253701275918;12.6401403322817
72.4492819977106;12.5767124576696
72.4736327556018;12.5123009394424
72.4974675541527;12.4494304831883
72.5212643238451;12.3868341439487
72.5476343049603;12.317671744387
72.5713511050139;12.2556498290789
72.5955033287154;12.192666000388
72.6191439135037;12.1311889941016
72.6427468917104;12.0699799390262
72.6663123450072;12.0090376441051
72.691720980523;11.9435182213747
72.7152086427088;11.8831269881478
72.7391276583281;11.8217989827427
72.7625401089423;11.7619380291851
72.7863825767306;11.701148465467
72.8101865189152;11.640628938177
72.8334863993101;11.5815570222907
72.8567494118858;11.5227423080443
72.8799756364265;11.4641836383454
72.9057137616411;11.3994819560315
72.9288626242883;11.3414597611035
72.9519749457293;11.283690036751
72.9750508049139;11.2261716417596
72.9980902805907;11.1689034388256
73.0215531449491;11.1107464443225
73.044978320766;11.0528473719643
73.0679076720857;10.9963328095327
73.0912584543246;10.938941003924
73.1141150295714;10.8829214781747
73.1369356942438;10.8271453370008
73.1597205256818;10.7716114711502
73.1842879846989;10.7119057452767
73.2069985298864;10.6568722765038
73.2296734788095;10.6020776919165
73.2534439484439;10.5447992815896
73.2760461640892;10.4904909978357
73.298613016302;10.4364182781257
73.3256466661424;10.3718404382351
73.3481359858552;10.3182821625297
73.3705901844765;10.2649560083371
73.3934573634395;10.2108013559431
73.4158408470176;10.1579408364159
73.4381894364049;10.1053092281389
73.4605032063496;10.0529054764066
73.4827822314092;10.0007285306494
73.5050265859513;9.94877734443727
73.532339702672;9.88518546464213
73.5545070088302;9.83373397459682
73.5770821901809;9.78148257229511
73.6128634532883;9.69896796561146
73.6349057814112;9.64832110766044
73.6569139448267;9.59789293244392
73.6788880164249;9.54768242620864
73.7032394009326;9.4922024400497
73.725141777119;9.44244790787987
73.7470102869926;9.39290791849178
73.7688450026842;9.34358147521952
73.7910816725365;9.29348746901096
73.8132833339299;9.24361355477994
73.8350157563579;9.19493021423443
73.8604001632624;9.1382366638632
73.8820599710135;9.09000683422372
73.906063305745;9.03671461582928
73.9345544586189;8.97367096519479
73.9561001694821;8.92614866759095
73.9776127721648;8.87883052102309
73.9990923368706;8.83171557290778
74.0228960495746;8.77965478476326
74.0443061336887;8.73296547842917
74.0680328952631;8.68137482527429
74.0893738088764;8.63510697671003
74.1106820480902;8.58903742090352
74.1319576820066;8.54316523081998
74.1568088753413;8.48974407654189
74.1780139925975;8.44429700111305
74.1991867224529;8.3990443796817
74.2203271332814;8.35398530220708
74.2414352932836;8.30911886270534
74.2625112704871;8.26444415924185
74.2871294003715;8.21241695131249
74.3081357740556;8.16815523220326
74.329110179451;8.12408241667261
74.3510989728947;8.07800829939207
74.3720080535448;8.03431997342529
74.3933025934878;7.98994971510332
74.4145641575427;7.94577227003651
74.4353768840197;7.90264733947025
74.4565733513459;7.8588490233478
74.4796028676357;7.81140209472235
74.500317028934;7.76884888920261
74.5209998361377;7.72647657730063
74.5416513550038;7.68428431046894
74.5622716511231;7.6422712440782
74.5828607899203;7.60043653740689
74.6062944857589;7.55296146676742
74.6268171669354;7.51150564329491
74.6473088951514;7.47022556495762
74.6681786373337;7.42830008248632
74.6886080378791;7.38737249794771
74.7090066804898;7.34661817981766
74.7297816757599;7.30522643120219
74.7505248053302;7.26401324433365
74.7708303376933;7.22378067918692
74.7921183228842;7.18171943939186
74.8123614000122;7.14183452613209
74.8325741079878;7.10211798668163
74.8579989783128;7.05231365571166
74.8781432848308;7.01297473670008
74.8982574278692;6.97380162991058
74.9205488798733;6.93051271163125
74.9405995836685;6.89168692104883
74.960620318623;6.85302453579867
74.9806111469981;6.81452478953995
75.0005721308981;6.77618691959834
75.0205033322714;6.73801016695335
75.0443815479764;6.69240967529214
75.0642474450806;6.65458472687147
75.0840837568467;6.61691849128605
75.103890544571;6.57941022472105
75.1240631157896;6.54131376486117
75.1438104512859;6.50412234157939
75.1668775926977;6.46080603356285
75.1865613377148;6.42395164988863
75.2062158743519;6.38725143215394
75.2258412629583;6.35070465853392
75.2454375637315;6.31431061070858
75.2650048367182;6.27806857384935
75.2925454876132;6.22722420299769
75.3120430494595;6.19134559628009
75.3315117871476;6.15561658903326
75.3509517600626;6.12003648166532
75.370363027441;6.08460457800285
75.3924569326711;6.04439210238494
75.4118069685354;6.00927503141737
75.4311284839022;5.97430400023837
75.4504215373956;5.93947832668199
75.4700711911816;5.90410518311458
75.4893069299078;5.86957106488457
75.5088982438617;5.83449390563771
75.5280769052281;5.80024860030005
75.5504801845129;5.76036176943113
75.5695977932404;5.72642369907254
75.5886873584572;5.6926261661805
75.6087012829448;5.65728929335358
75.6277335383519;5.62377781785676
75.6467379249653;5.5904048919252
75.66571449978;5.55716987030173
75.6850420133351;5.52341155141681
75.7043407108241;5.48979536222695
75.7241769805507;5.45533821172778
75.7430403953706;5.422660569465
75.7618762862985;5.39011759635619
75.7806847094688;5.35770866637895
75.7998410618879;5.3247890030495
75.8189689543803;5.29200749240458
75.840313580647;5.25553201744969
75.8590077931987;5.2236766794257
75.8776748265378;5.19195219120392
75.896687257843;5.15972738517363
75.9152995576323;5.12826536514207
75.9338848447229;5.09693237090986
75.9524431739763;5.06572780454543
75.9713449546039;5.03403083625699
75.9898489958077;5.0030838825551
76.008695516079;4.97164845045229
76.0271454914144;4.94095670619541
76.0459369773857;4.90978037136521
76.0643331079205;4.87934145753222
76.0830697845154;4.84842180562694
76.1014122902102;4.81823336716779
76.1197283300143;4.78816806222178
76.1380179574313;4.75822532231115
76.1566462227042;4.72780940751923
76.1748826597543;4.69811252663296
76.1961859698092;4.66352056853826
76.2143655081023;4.634085258678
76.2325189095693;4.60476960889014
76.2506462268985;4.57557306810736
76.2687475126477;4.54649508802728
76.2868228192449;4.51753512309922
76.3052329224875;4.48811697516329
76.3232559105829;4.45939374798317
76.3412530770724;4.43078690496197
76.3595836393052;4.40172726961617
76.3811147558795;4.36769300991393
76.3990291288307;4.33945730504484
76.4169178983605;4.31133574641654
76.4347811158387;4.28332781065435
76.4526188325081;4.25543297701498
76.4734566575694;4.22293890429032
76.4912392131275;4.19528772368769
76.508996429483;4.16774801169735
76.5267283573539;4.14031925841076
76.5469119728212;4.1091851794678
76.5645899531587;4.08199217649406
76.5841830849561;4.05193600439163
76.6018080996927;4.02497319631471
76.6197598350774;3.9975827235264
76.6373343522643;3.9708382198906
76.6548839459515;3.94420104425073
76.6732842497801;3.91634698648323
76.6927062444043;3.8870287227459
76.712097723752;3.85784080405789
76.7295414517376;3.83165644631609
76.7469605167447;3.80557686671883
76.7693947615977;3.7720882004602
76.7867575329809;3.74624677270018
76.8040958023229;3.72050856528835
76.8243505386018;3.69052526752939
76.8416358057181;3.66500944042867
76.8597591323078;3.63832731529115
76.8769945375788;3.61301956659705
76.8960974422969;3.58504598915691
76.913281737701;3.55995039680277
76.9312992593216;3.53370747088032
76.9484341025201;3.50881606735046
76.9674256164479;3.48130242858951
76.9874116921072;3.45243283041454
77.0044678280568;3.42786421229612
77.021840470704;3.40290462359411
77.0417373656731;3.37439876769855
77.0587174420711;3.35013951984423
77.0756737738266;3.32597633945296
77.092606407747;3.30190879412987
77.1098533292595;3.27745797499079
77.1267382358585;3.25358230248984
77.1479796831987;3.22363322749695
77.1648114165763;3.19997016576143
77.1819556240926;3.17593004802967
77.2000817735403;3.15058121350596
77.216840953834;3.12720629288458
77.2335768240811;3.1039234682413
77.2531282626918;3.07679892153098
77.2698137073389;3.05371452938567
77.2864759865803;3.0307209329061
77.3049440437977;3.00530387437924
77.3215575928491;2.9825005274244
77.3409662199256;2.95593424921923
77.3575298628199;2.93332469685067
77.3740705787622;2.91080381984318
77.3909185361561;2.8879234687399
77.4074130762463;2.86558051236117
77.4247078143218;2.84221455978324
77.443456567321;2.81695449741726
77.4598785564041;2.7948892695193
77.4790635332791;2.76918241858859
77.4954364270652;2.74730387249497
77.5121135431577;2.72507575625317
77.5287672399238;2.70293611255893
77.5450717034269;2.68131608105932
77.561679157827;2.65935046888763
77.5826493682053;2.63169538195255
77.5988797828917;2.61035288463984
77.6150879199311;2.5890934363379
77.6312738225703;2.5679166699364
77.6496986851338;2.54387554534486
77.6658371509735;2.52287449328187
77.6846911051534;2.49840674875735
77.7039971407001;2.47342697453099
77.7200613027556;2.45269928309618
77.7361035094088;2.43205192806495
77.7524439857833;2.41107402182482
77.7702004171083;2.38833923894802
77.7861741773857;2.36794105962586
77.8048358304764;2.34417530860095
77.8207623800916;2.32394787557202
77.837938693236;2.30219000232145
77.8538201755848;2.28212471171715
77.8718987169234;2.25934470696434
77.887734020371;2.2394446973204
77.9035478101199;2.21962139140444
77.92107597339;2.19770693850419
77.9395230274517;2.17470927759808
77.9552665423923;2.15513521386094
77.9731881246827;2.13291258835609
77.9888860280741;2.11349922211479
78.005345957508;2.09319544694306
78.0210003431461;2.07393461712846
78.0366335626902;2.05474770149247
78.0522456567158;2.03563437837388
78.0678366657015;2.01659432770416
78.0855847479656;1.99497764112765
78.1011307705174;1.97609332546615
78.1166558345043;1.95728128749609
78.1321599800058;1.93854121365279
78.147643247006;1.91987279192111
78.1631056753933;1.90127571182717
78.1807074756158;1.88016166868584
78.1961254429483;1.86171622366379
78.2122920159352;1.84242424382608
78.2276675621147;1.82412274364409
78.2430224751803;1.80589099818335
78.2583567944355;1.78772870632925
78.2744357084672;1.76873272149378
78.28972793289;1.75071187442444
78.304999682802;1.73275957168904
78.321013027109;1.71398310171944
78.3362429258663;1.69617039372313
78.3514524685494;1.67842533436181
78.3714979611425;1.65510494709735
78.3866604264072;1.63751571523508
78.401802663546;1.6199931721898
78.4172269461742;1.602188584464
78.4172269461742;1.602188584464
78.4172269461742;1.602188584464
78.4172269461742;1.602188584464
78.4172269461742;1.602188584464
78.4323284393528;1.58479988179501
78.4474098199191;1.56747700836356
78.4624711259406;1.55021968233985
78.4775123953945;1.53302762327426
78.4925336661683;1.51590055209
78.5078347989155;1.49849760199893
78.5228157875529;1.48150096066838
78.5403183041955;1.46169631005051
78.5552561904427;1.44483853417702
78.5701742732099;1.42804431954715
78.585370354807;1.41097942064817
78.6002485483359;1.39431277528693
78.6151070508712;1.37770887755418
78.6302424762398;1.36083726781877
78.64506131595;1.34435930793284
78.659860576353;1.32794329397867
78.674935689533;1.31126250383825
78.689695511915;1.29497082019049
78.7044358658831;1.27874029250501
78.7191567879833;1.26257066175473
78.7338583146755;1.246461670171
78.7488339284741;1.23009270320598
78.7634963873015;1.21410542160195
78.7781395603098;1.19817800827412
78.7930557659823;1.18199346083715
78.8076600917103;1.16618621167689
78.8225367480477;1.15012370952015
78.8371023731665;1.13443560315909
78.8519396294184;1.11849410958118
78.8664666999045;1.10292413461303
78.8812647046141;1.08710262301915
78.8964773007901;1.07087865010963
78.9109460538335;1.05548629693484
78.9253958830214;1.04015130724531
78.9398268236211;1.02487344037631
78.9545269604978;1.00934861572351
78.9689198533845;0.994185407613411
78.9832939636902;0.979078602535786
78.9976493263515;0.964027964453837
79.0119859762237;0.949033258466658
79.0265901172403;0.933796037173096
79.0408890732611;0.918913602134261
79.0551694212618;0.904086396623233
79.069716242049;0.889019305531647
79.0839591070864;0.874302962061779
79.0984677668523;0.859348474282506
79.1138089341041;0.843575888058828
79.1279945482872;0.829027871776149
79.1421617645111;0.814533692201728
79.1578658709104;0.79850792679498
79.1719943790294;0.784126609941493
79.1861045947925;0.769798437535735
79.2004782051316;0.755238222518718
79.2145515733318;0.741016730699003
79.2288876692342;0.726564874525471
79.2429243271175;0.712449172585139
79.2597443973785;0.695579009714177
79.2737412291106;0.681577521203505
79.2877200113874;0.667627604945282
79.3016807774389;0.653729048028343
79.3156235604177;0.639881638554588
79.3295483933997;0.626085165633613
79.3434553093842;0.612339419377372
79.357344341294;0.598644190894868
79.3719086130032;0.584318343275017
79.3857610851636;0.570726027363142
79.3995957731941;0.557183598210836
79.4136888675987;0.543421501318174
79.4274877310923;0.529979219420809
79.4415443521045;0.516318849374937
79.4572329606686;0.501111775740919
79.4709760472781;0.487824501785423
79.4847015501191;0.474585863690256
79.4986834815627;0.46113235113616
79.5123735631868;0.447991351496603
79.5260461579177;0.434898389630734
79.5397012976851;0.421853269371546
79.5533390143448;0.408855795476608
79.5669593396795;0.395905773623197
79.5812419985625;0.382359109324807
79.5948267707327;0.369505760510898
79.608394248064;0.356699276684321
79.6219444620437;0.343939467197901
79.6357479281778;0.33097234864623
79.6492633659354;0.318306243470206
79.6642453977836;0.304300848775704
79.677724646121;0.291731804007477
79.6911867915046;0.279208469538469
79.7053036710738;0.26610796138981
79.7210117808657;0.251569114809881
79.7344190653209;0.23919171335919
79.7480770106919;0.22661305414433
79.7614500425396;0.214326233285666
79.7748061640082;0.202083980954494
79.7884120185737;0.189642611515211
79.8017340743584;0.17748983976543
79.8150393119809;0.165381095816458
79.8285933598068;0.153075350484404
79.8441191838792;0.139015873735303
79.857370974359;0.127046397095233
79.8706060735696;0.115120210557747
79.8844849967025;0.102644115351983
79.8976859728538;0.0908061306220023
79.9111338677621;0.0787754385338298
79.9257487554496;0.0657335531781151
79.9388978742339;0.0540288431626664
79.9520304867067;0.0423663611255279
79.9651466225521;0.0307459380506023
79.978246311387;0.0191674057040527
79.9915910809324;0.00740028488004541
0.0602983048442855;60.0466233585389
0.168687683204003;60.1303988544409
0.277148174038168;60.2141873430742
0.385679069274074;60.2979879194512
0.494279657898562;60.3817996747986
0.602949225981955;60.4656216965776
0.739969985367783;60.571250643317
0.848792801965088;60.6550924860586
0.957682250655906;60.7389415944501
1.07535685906564;60.8295057216724
1.18438257352291;60.9133669646926
1.29565512858898;60.9989099534694
1.40481014775747;61.0827791056813
1.51402806717089;61.1666507509235
1.62330814681491;61.250523942412
1.73264964402364;61.3343977298166
1.84205181350678;61.4182711592833
1.95151390737709;61.5021432734575
2.06103517517806;61.5860131115066
2.17609536835676;61.6740729366211
2.28573558590695;61.7579350902588
2.28573558590695;61.7579350902588
2.28573558590695;61.7579350902588
0;60
